Order_ID,Order_Date,Product,Category,Region,Quantity,Unit_Price,Discount,Revenue,Cost,Profit
1001,2025-02-05,Keyboard,Accessories,North,2.0,905.05,0.1,1629.09,1105.78,523.31
1002,2025-02-25,Keyboard,Accessories,South,2.0,3280.07,0.0,6560.14,4114.2,2445.94
1003,2025-04-25,Headphones,Accessories,East,1.0,7393.07,0.2,5914.46,4262.46,1652.0
1004,2025-03-29,Mouse,Accessories,East,1.0,1993.5,0.05,1893.82,1491.48,402.34
1005,2025-04-08,Smartphone,Electronics,North,4.0,62989.01,0.1,226760.44,146154.01,80606.43
1006,2025-05-18,Tablet,Electronics,North,6.0,33111.78,0.0,198670.68,157970.14,40700.54
1007,2025-04-03,Monitor,Electronics,South,2.0,20592.85,0.2,32948.56,27429.95,5518.61
1008,2025-01-21,Keyboard,Accessories,South,2.0,992.46,0.05,1885.67,1518.98,366.69
1009,2025-04-04,Mouse,Accessories,South,2.0,1198.27,0.15,2037.06,1573.76,463.3
1010,2025-06-24,Tablet,Electronics,,6.0,21285.21,0.1,114940.13,90623.04,24317.09
1011,2025-04-08,Headphones,Accessories,East,3.0,7108.47,0.05,20259.14,13355.16,6903.98
1012,2025-01-09,Keyboard,Accessories,East,4.0,3675.38,0.0,14701.52,9923.11,4778.41
1013,2025-03-22,Monitor,Electronics,South,5.0,10389.96,0.2,41559.84,34508.31,7051.53
1014,2025-02-05,Keyboard,Accessories,South,8.0,2461.65,0.15,16739.22,10952.29,5786.93
1015,2025-04-13,Keyboard,Accessories,East,5.0,3937.46,0.15,16734.2,13981.05,2753.15
1016,2025-01-29,Smartphone,Electronics,South,3.0,41947.74,0.0,125843.22,100849.21,24994.01
1017,2025-04-09,Keyboard,Accessories,West,3.0,4126.73,0.15,10523.16,8030.63,2492.53
1018,2025-01-03,Headphones,Accessories,North,8.0,7055.7,0.2,45156.48,37325.77,7830.71
1019,2025-04-22,Keyboard,Accessories,South,5.0,4028.11,0.1,18126.49,11723.72,6402.77
1020,2025-02-15,Monitor,Electronics,North,1.0,29030.13,0.1,26127.12,22293.05,3834.07
1021,2025-02-09,Mouse,Accessories,East,5.0,2167.51,0.2,8670.04,6642.58,2027.46
1022,2025-06-03,Mouse,Accessories,East,3.0,1532.7,0.2,3678.48,3091.54,586.94
1023,2025-03-20,Monitor,Electronics,South,1.0,11349.22,0.1,10214.3,8486.99,1727.31
1024,2025-05-05,Laptop,Electronics,North,4.0,90120.38,0.0,360481.52,230908.9,129572.62
1025,2025-02-12,Mouse,Accessories,East,3.0,669.62,0.15,1707.53,1446.69,260.84
1026,2025-06-26,Headphones,Accessories,South,7.0,11625.81,0.2,65104.54,52165.9,12938.64
1027,2025-05-13,Keyboard,Accessories,West,5.0,2475.77,0.1,11140.97,8078.81,3062.16
1028,2025-05-22,Laptop,Electronics,South,4.0,63987.89,0.1,230356.4,143983.86,86372.54
1029,2025-01-09,Headphones,Accessories,East,4.0,1575.5,0.0,6302.0,4253.51,2048.49
1030,2025-02-03,Laptop,Electronics,West,4.0,66139.09,0.15,224872.91,150983.46,73889.45
1031,2025-06-18,Smartphone,Electronics,West,8.0,55952.36,0.05,425237.94,273274.14,151963.8
1032,2025-06-15,Tablet,Electronics,North,7.0,27333.07,0.0,191331.49,149546.13,41785.36
1033,2025-02-18,Laptop,Electronics,West,7.0,84128.54,0.0,588899.78,400261.94,188637.84
1034,2025-01-20,Smartphone,Electronics,West,7.0,26623.94,0.15,158412.44,107713.1,50699.34
1035,2025-01-24,Mouse,Accessories,South,2.0,506.24,0.2,809.98,664.71,145.27
1036,2025-01-16,Smartphone,Electronics,South,7.0,40825.13,0.05,271487.11,224659.95,46827.16
1037,2025-04-27,Monitor,Electronics,East,1.0,29691.49,0.1,26722.34,22509.95,4212.39
1038,2025-01-15,Monitor,Electronics,North,8.0,12250.73,0.1,88205.26,59295.83,28909.43
1039,2025-05-16,Keyboard,Accessories,South,6.0,1040.09,0.2,4992.43,3666.59,1325.84
1040,2025-06-22,Laptop,Electronics,South,2.0,89053.7,0.0,178107.4,135861.83,42245.57
1041,2025-06-02,Monitor,Electronics,North,2.0,28773.52,0.2,46037.63,31263.77,14773.86
1042,2025-03-22,Headphones,Accessories,East,2.0,5901.86,0.2,9442.98,7135.63,2307.35
1043,2025-06-15,Smartphone,Electronics,East,6.0,29218.24,0.15,149013.02,97068.69,51944.33
1044,2025-06-09,Monitor,Electronics,North,6.0,28509.38,0.0,171056.28,106437.33,64618.95
1045,2025-01-18,Laptop,Electronics,South,4.0,75235.39,0.05,285894.48,241289.87,44604.61
1046,2025-06-06,Tablet,Electronics,North,5.0,19732.4,0.2,78929.6,62263.58,16666.02
1047,2025-02-04,Keyboard,Accessories,East,5.0,4713.38,0.0,23566.9,19922.12,3644.78
1048,2025-06-04,Laptop,Electronics,South,2.0,84696.67,0.05,160923.67,110291.22,50632.45
1049,2025-03-06,Keyboard,Accessories,North,6.0,1655.11,0.1,8937.59,6625.42,2312.17
1050,2025-02-03,Laptop,Electronics,East,7.0,88173.92,0.0,617217.44,383200.04,234017.4
1051,2025-01-29,Smartphone,Electronics,North,8.0,43928.98,0.15,298717.06,225417.17,73299.89
1052,2025-02-07,Keyboard,Accessories,West,3.0,3091.48,0.1,8347.0,6342.07,2004.93
1053,2025-02-23,Smartphone,Electronics,South,1.0,32488.14,0.0,32488.14,27151.7,5336.44
1054,2025-04-15,Keyboard,Accessories,South,2.0,2285.45,0.2,3656.72,3043.09,613.63
1055,2025-01-07,Smartphone,Electronics,South,3.0,63881.68,0.05,182062.79,151392.47,30670.32
1056,2025-03-05,Keyboard,Accessories,East,6.0,4086.02,0.15,20838.7,16932.2,3906.5
1057,2025-02-26,Smartphone,Electronics,South,2.0,35979.46,0.0,71958.92,59442.56,12516.36
1058,2025-06-18,Mouse,Accessories,South,8.0,1134.28,0.05,8620.53,5805.94,2814.59
1059,2025-03-13,Monitor,Electronics,East,6.0,14850.66,0.0,89103.96,75921.33,13182.63
1060,2025-01-08,Keyboard,Accessories,North,7.0,3653.98,0.2,20462.29,14312.88,6149.41
1061,2025-06-02,Tablet,Electronics,West,3.0,32417.69,0.1,87527.76,55070.87,32456.89
1062,2025-05-28,Tablet,Electronics,South,6.0,28091.82,0.2,134840.74,87343.76,47496.98
1063,2025-05-18,Tablet,Electronics,South,1.0,36263.56,0.0,36263.56,27008.41,9255.15
1064,2025-06-19,Tablet,Electronics,North,7.0,17099.21,0.1,107725.02,82900.58,24824.44
1065,2025-06-28,Keyboard,Accessories,East,5.0,2929.91,0.15,12452.12,8695.11,3757.01
1066,2025-02-14,Headphones,Accessories,East,3.0,3514.32,0.15,8961.52,7012.89,1948.63
1067,2025-05-29,Monitor,Electronics,East,1.0,15381.37,0.05,14612.3,10567.22,4045.08
1068,2025-02-13,Monitor,Electronics,North,8.0,18285.36,0.05,138968.74,103209.55,35759.19
1069,2025-02-27,Tablet,Electronics,South,6.0,17801.62,0.05,101469.23,79295.26,22173.97
1070,2025-01-19,Smartphone,Electronics,West,1.0,20172.04,0.15,17146.23,13146.11,4000.12
1071,2025-03-04,Monitor,Electronics,South,4.0,24085.26,,81889.88,60488.0,21401.88
1072,2025-02-26,Keyboard,Accessories,South,,4549.17,0.0,4549.17,3670.37,878.8
1073,2025-02-01,Mouse,Accessories,West,8.0,505.46,0.05,3841.5,3227.6,613.9
1074,2025-04-24,Smartphone,Electronics,West,8.0,49376.15,0.2,316007.36,241084.72,74922.64
1075,2025-03-05,Mouse,Accessories,East,8.0,2284.14,0.15,15532.15,11307.67,4224.48
1076,2025-03-15,Mouse,Accessories,South,8.0,1716.17,0.1,12356.42,8965.44,3390.98
1077,2025-02-08,Tablet,Electronics,South,6.0,24591.29,0.2,118038.19,75466.38,42571.81
1078,2025-03-26,Monitor,Electronics,West,3.0,23834.8,0.0,71504.4,51452.3,20052.1
1079,2025-05-30,Monitor,Electronics,North,1.0,13343.52,0.15,11341.99,8092.22,3249.77
1080,2025-04-10,Mouse,Accessories,West,7.0,1401.66,0.1,8830.46,6107.74,2722.72
1081,2025-01-08,Headphones,Accessories,West,4.0,6626.41,0.1,23855.08,17285.41,6569.67
1082,2025-06-09,Tablet,Electronics,North,7.0,36725.44,0.15,218516.37,183704.52,34811.85
1083,2025-04-29,Monitor,Electronics,South,1.0,10762.9,0.15,9148.47,5970.0,3178.47
1084,2025-03-28,Laptop,Electronics,West,5.0,70164.15,0.05,333279.71,243003.51,90276.2
1085,2025-05-19,Tablet,Electronics,North,7.0,22568.15,0.0,157977.05,115777.22,42199.83
1086,2025-03-05,Tablet,Electronics,South,4.0,34504.32,0.0,138017.28,110554.05,27463.23
1087,2025-06-21,Mouse,Accessories,North,1.0,1704.8,0.05,1619.56,1053.19,566.37
1088,2025-02-12,Headphones,Accessories,North,4.0,6382.86,0.1,22978.3,,4502.47
1089,2025-03-21,Mouse,Accessories,West,3.0,2425.91,0.0,7277.73,5522.96,1754.77
1090,2025-03-19,Monitor,Electronics,North,4.0,10595.93,0.05,40264.53,25948.73,14315.8
1091,2025-01-18,Mouse,Accessories,East,1.0,1129.13,0.15,959.76,747.43,212.33
1092,2025-04-03,Laptop,Electronics,West,7.0,87893.24,0.0,615252.68,445471.01,169781.67
1093,2025-03-11,Keyboard,Accessories,West,3.0,2629.05,0.2,6309.72,5374.07,935.65
1094,2025-03-04,Monitor,Electronics,North,7.0,26340.43,0.2,147506.41,100955.59,46550.82
1095,2025-06-21,Tablet,Electronics,West,8.0,22315.9,0.15,151748.12,114837.5,36910.62
1096,2025-02-24,Tablet,Electronics,East,1.0,29829.2,0.1,26846.28,17816.31,9029.97
1097,2025-03-12,Mouse,Accessories,North,5.0,1114.71,0.2,4458.84,3514.83,944.01
1098,2025-03-03,Headphones,Accessories,West,4.0,2398.94,0.15,8156.4,6013.38,2143.02
1099,2025-02-26,Keyboard,Accessories,West,8.0,2682.33,0.0,21458.64,13783.59,7675.05
1100,2025-05-22,Keyboard,Accessories,East,4.0,2086.07,,6675.42,4729.97,1945.45
1101,2025-03-06,Monitor,Electronics,South,6.0,16388.02,0.15,83578.9,57253.21,26325.69
1102,2025-06-26,Laptop,Electronics,South,4.0,67621.92,0.2,216390.14,183544.41,32845.73
1103,2025-05-15,Smartphone,Electronics,East,4.0,52714.42,0.1,189771.91,150660.0,39111.91
1104,2025-01-04,Laptop,Electronics,South,4.0,66849.86,0.1,240659.5,159573.12,81086.38
1105,2025-02-02,Tablet,Electronics,West,1.0,44228.85,0.2,35383.08,24418.32,10964.76
1106,2025-03-29,Laptop,Electronics,South,1.0,77962.57,0.15,66268.18,48699.92,17568.26
1107,2025-01-17,Laptop,Electronics,West,5.0,92642.54,0.15,393730.79,254893.8,138836.99
1108,2025-05-25,Monitor,Electronics,East,2.0,21117.44,0.0,42234.88,27723.59,14511.29
1109,2025-06-08,Laptop,Electronics,South,4.0,59738.06,0.15,203109.4,155483.54,47625.86
1110,2025-05-31,Mouse,Accessories,West,7.0,1346.08,0.15,8009.18,5537.26,2471.92
1111,2025-02-23,Tablet,Electronics,South,1.0,33288.93,0.0,33288.93,28209.76,5079.17
1112,2025-02-10,Tablet,Electronics,North,2.0,19711.71,0.05,37452.25,28182.0,9270.25
1113,2025-03-01,Monitor,Electronics,East,8.0,23476.79,0.15,159642.17,110137.49,49504.68
1114,2025-03-01,Keyboard,Accessories,East,5.0,3752.55,0.15,15948.34,,5787.92
1115,2025-02-08,Mouse,Accessories,East,4.0,1292.79,0.2,4136.93,2788.1,1348.83
1116,2025-06-02,Mouse,Accessories,East,3.0,549.96,0.05,1567.39,1269.95,297.44
1117,2025-03-11,Monitor,Electronics,West,2.0,18842.66,0.1,33916.79,26724.26,7192.53
1118,2025-06-04,Monitor,Electronics,East,2.0,21558.77,0.15,36649.91,29183.89,7466.02
1119,2025-01-06,Laptop,Electronics,East,2.0,64156.98,0.2,102651.17,78108.25,24542.92
1120,2025-06-16,Headphones,Accessories,West,1.0,9512.64,0.05,9037.01,6623.41,2413.6
1121,2025-05-06,Tablet,Electronics,North,3.0,44908.36,0.15,114516.32,88446.49,26069.83
1122,2025-02-11,Monitor,Electronics,East,6.0,17575.31,0.1,94906.67,74106.17,20800.5
1123,2025-05-21,Monitor,Electronics,North,8.0,15052.57,0.15,102357.48,83447.53,18909.95
1124,2025-04-14,Monitor,Electronics,North,2.0,15604.86,0.1,28088.75,18196.49,9892.26
1125,2025-06-09,Keyboard,Accessories,West,120.0,2535.64,0.05,289062.95999999996,14345.72,274717.24
1126,2025-02-03,Keyboard,Accessories,East,8.0,3991.96,0.05,30338.9,20754.64,9584.26
1127,2025-02-10,Monitor,Electronics,East,8.0,11549.95,0.2,73919.68,60010.61,13909.07
1128,2025-01-30,Headphones,Accessories,West,1.0,7298.64,0.0,7298.64,4918.76,2379.88
1129,2025-03-11,Laptop,Electronics,West,3.0,74935.02,0.1,202324.55,150150.97,52173.58
1130,2025-02-07,Mouse,Accessories,West,8.0,2458.51,0.05,18684.68,13632.88,5051.8
1131,2025-04-17,Smartphone,Electronics,East,3.0,58609.27,0.1,158245.03,127457.2,30787.83
1132,2025-05-31,Mouse,Accessories,West,5.0,2123.15,0.1,9554.18,7588.43,1965.75
1133,2025-05-22,Mouse,Accessories,West,,1337.75,0.15,3411.26,2397.53,1013.73
1134,2025-03-01,Monitor,Electronics,West,6.0,27261.64,0.05,155391.35,117667.21,37724.14
1135,2025-06-19,Laptop,Electronics,South,6.0,84788.21,0.15,432419.87,308167.87,124252.0
1136,2025-01-26,Monitor,Electronics,West,1.0,11651.17,0.2,9320.94,6521.66,2799.28
1137,2025-06-17,Laptop,Electronics,South,8.0,55613.9,0.05,422665.64,303640.83,119024.81
1138,2025-06-27,Laptop,Electronics,West,8.0,86261.01,0.1,621079.27,435534.75,185544.52
1139,2025-03-23,Keyboard,Accessories,West,2.0,4377.41,0.2,7003.86,4981.16,2022.7
1140,2025-03-15,Mouse,Accessories,South,1.0,1696.66,0.05,1611.83,1243.49,368.34
1141,2025-01-26,Keyboard,Accessories,West,2.0,2622.68,0.0,5245.36,4209.34,1036.02
1142,2025-01-15,Smartphone,Electronics,East,5.0,60460.93,0.0,302304.65,210963.28,91341.37
1143,2025-05-25,Tablet,Electronics,South,6.0,27920.6,0.05,159147.42,118959.5,40187.92
1144,2025-03-03,Smartphone,Electronics,West,3.0,21711.51,0.15,55364.35,42560.26,12804.09
1145,2025-06-20,Headphones,Accessories,North,3.0,3937.98,0.1,10632.55,7764.92,2867.63
1146,2025-04-24,Mouse,Accessories,East,8.0,2292.54,0.2,14672.26,9653.09,5019.17
1147,2025-04-27,Headphones,Accessories,East,5.0,8208.86,0.15,34887.65,,7477.29
1148,2025-05-27,Smartphone,Electronics,East,7.0,58106.77,0.0,406747.39,275339.25,131408.14
1149,2025-06-18,Headphones,Accessories,West,5.0,11923.27,0.1,53654.72,33548.45,20106.27
1150,2025-05-08,Tablet,Electronics,East,1.0,31977.87,0.0,31977.87,26814.98,5162.89
1151,2025-02-18,Mouse,Accessories,East,4.0,1674.84,0.1,6029.42,4055.15,1974.27
1152,2025-04-23,Keyboard,Accessories,North,3.0,3438.64,0.0,10315.92,7160.73,3155.19
1153,2025-03-25,Headphones,Accessories,,6.0,9189.78,0.0,55138.68,46223.34,8915.34
1154,2025-04-04,Smartphone,Electronics,East,4.0,24211.51,0.2,77476.83,64332.93,13143.9
1155,2025-03-17,Mouse,Accessories,East,3.0,939.64,0.15,2396.08,2041.87,354.21
1156,2025-02-27,Mouse,Accessories,West,2.0,1383.5,0.0,2767.0,,957.99
1157,2025-05-18,Mouse,Accessories,North,6.0,589.64,0.15,3007.16,1874.48,1132.68
1158,2025-06-13,Monitor,Electronics,East,6.0,23129.4,0.1,124898.76,94959.83,29938.93
1159,2025-05-24,Laptop,Electronics,East,4.0,73859.07,0.2,236349.02,196693.52,39655.5
1160,2025-03-19,Headphones,Accessories,West,4.0,8300.35,0.15,28221.19,23656.5,4564.69
1161,2025-05-07,Laptop,Electronics,North,3.0,56813.87,0.0,170441.61,118124.13,52317.48
1162,2025-04-05,Laptop,Electronics,West,4.0,90490.37,0.05,343863.41,245269.17,98594.24
1163,2025-06-07,Headphones,Accessories,West,3.0,10796.84,0.0,32390.52,26563.02,5827.5
1164,2025-03-02,Tablet,Electronics,East,1.0,35708.42,0.05,33923.0,24642.07,9280.93
1165,2025-03-12,Laptop,Electronics,South,,76778.63,0.1,414604.6,263079.89,151524.71
1166,2025-06-02,Laptop,Electronics,North,8.0,58666.94,0.05,445868.74,345106.45,100762.29
1167,2025-02-22,Laptop,Electronics,North,6.0,64742.76,0.05,369033.73,298502.06,70531.67
1168,2025-02-07,Mouse,Accessories,North,4.0,1631.4,0.05,6199.32,4332.42,1866.9
1169,2025-02-14,Tablet,Electronics,North,3.0,44625.82,0.2,107101.97,72846.16,34255.81
1170,2025-03-02,Keyboard,Accessories,East,1.0,1353.57,0.1,1218.21,986.26,231.95
1171,2025-05-15,Laptop,Electronics,North,3.0,65614.7,0.05,187001.89,149229.81,37772.08
1172,2025-01-28,Keyboard,Accessories,West,2.0,2800.23,0.1,5040.41,3745.92,1294.49
1173,2025-06-18,Headphones,Accessories,East,4.0,11426.86,0.0,45707.44,36316.31,9391.13
1174,2025-04-20,Monitor,Electronics,North,1.0,10277.33,0.15,8735.73,7192.58,1543.15
1175,2025-02-07,Monitor,Electronics,North,8.0,10543.31,0.0,84346.48,58815.38,25531.1
1176,2025-03-25,Smartphone,Electronics,West,5.0,47342.92,0.2,189371.68,142332.8,47038.88
1177,2025-06-29,Headphones,Accessories,North,5.0,6264.01,0.2,25056.04,18121.73,6934.31
1178,2025-04-27,Mouse,Accessories,West,4.0,1303.15,0.05,4951.97,3562.03,1389.94
1179,2025-04-06,Monitor,Electronics,South,2.0,15563.52,0.1,28014.34,21840.7,6173.64
1180,2025-01-25,Keyboard,Accessories,East,8.0,1081.96,0.0,8655.68,5560.19,3095.49
1181,2025-05-24,Mouse,Accessories,East,3.0,1568.38,0.2,3764.11,3197.95,566.16
1182,2025-01-14,Keyboard,Accessories,East,2.0,2525.4,0.15,4293.18,3556.22,736.96
1183,2025-02-09,Headphones,Accessories,West,5.0,5192.28,0.2,20769.12,15406.1,5363.02
1184,2025-03-13,Smartphone,Electronics,South,2.0,34455.36,0.2,55128.58,39042.87,16085.71
1185,2025-06-14,Mouse,Accessories,North,7.0,2174.83,0.2,12179.05,9344.47,2834.58
1186,2025-03-21,Headphones,Accessories,East,5.0,1804.01,0.1,8118.04,6402.27,1715.77
1187,2025-04-13,Tablet,Electronics,North,1.0,20442.17,0.05,19420.06,14679.95,4740.11
1188,2025-04-18,Smartphone,Electronics,West,1.0,22312.61,0.2,17850.09,11988.69,5861.4
1189,2025-05-26,Tablet,Electronics,North,3.0,26101.59,0.1,70474.29,56833.33,13640.96
1190,2025-01-21,Laptop,Electronics,East,3.0,61296.4,0.2,147111.36,92965.99,54145.37
1191,2025-02-25,Monitor,Electronics,North,7.0,19198.9,0.15,114233.46,82180.02,32053.44
1192,2025-06-20,Tablet,Electronics,East,7.0,18326.69,0.2,102629.46,75616.55,27012.91
1193,2025-02-22,Laptop,Electronics,East,4.0,70810.54,,226593.73,143467.29,83126.44
1194,2025-01-02,Smartphone,Electronics,West,3.0,53915.56,0.1,145572.01,101718.35,43853.66
1195,2025-02-28,Keyboard,Accessories,East,7.0,1537.92,0.15,9150.62,6843.01,2307.61
1196,2025-04-28,Laptop,Electronics,North,7.0,89470.57,0.0,626293.99,453870.68,172423.31
1197,2025-06-13,Mouse,Accessories,,6.0,1609.09,0.2,7723.63,5538.32,2185.31
1198,2025-06-08,Tablet,Electronics,West,2.0,27150.97,0.1,48871.75,32316.42,16555.33
1199,2025-05-31,Mouse,Accessories,West,,585.07,0.0,3510.42,2381.45,1128.97
1200,2025-02-26,Headphones,Accessories,East,2.0,250000.0,0.1,450000.0,8133.74,441866.26
1201,2025-02-19,Mouse,Accessories,East,3.0,560.4,0.0,1681.2,1256.44,424.76
1202,2025-02-14,Tablet,Electronics,South,3.0,22088.07,0.05,62951.0,42896.85,20054.15
1203,2025-05-25,Mouse,Accessories,West,2.0,772.01,0.15,1312.42,959.84,352.58
1204,2025-01-18,Keyboard,Accessories,,6.0,4429.84,0.1,23921.14,15697.76,8223.38
1205,2025-05-10,Monitor,Electronics,North,5.0,25722.92,0.2,102891.68,65179.96,37711.72
1206,2025-03-15,Tablet,Electronics,North,8.0,28557.42,0.0,228459.36,161862.78,66596.58
1207,2025-05-29,Keyboard,Accessories,North,2.0,3383.04,0.2,5412.86,3855.45,1557.41
1208,2025-01-16,Monitor,Electronics,West,4.0,15752.06,0.15,53557.0,39649.75,13907.25
1209,2025-02-14,Laptop,Electronics,North,6.0,94295.42,0.0,565772.52,419289.35,146483.17
1210,2025-02-10,Smartphone,Electronics,East,8.0,64576.34,0.2,413288.58,308089.91,105198.67
1211,2025-01-14,Tablet,Electronics,East,5.0,26622.5,0.1,119801.25,,26004.6
1212,2025-06-18,Laptop,Electronics,South,6.0,58780.24,0.15,299779.22,206306.64,93472.58
1213,2025-03-21,Tablet,Electronics,West,150.0,32482.19,0.05,4628712.075,51842.76,4576869.315
1214,2025-03-26,Smartphone,Electronics,South,2.0,32550.35,0.15,55335.59,42854.0,12481.59
1215,2025-01-05,Keyboard,Accessories,East,2.0,3513.3,0.15,5972.61,4431.9,1540.71
1216,2025-05-05,Tablet,Electronics,South,3.0,43535.08,0.1,117544.72,99612.14,17932.58
1217,2025-01-26,Smartphone,Electronics,North,3.0,25282.42,0.1,68262.53,56157.04,12105.49
1218,2025-04-07,Keyboard,Accessories,South,6.0,4480.85,0.2,21508.08,14011.48,7496.6
1219,2025-02-12,Smartphone,Electronics,West,3.0,57073.22,0.2,136975.73,111521.6,25454.13
1220,2025-06-06,Laptop,Electronics,East,7.0,69571.98,0.05,462653.67,394505.37,68148.3
1221,2025-05-01,Mouse,Accessories,South,8.0,891.41,0.05,6774.72,4703.5,2071.22
1222,2025-05-09,Tablet,Electronics,West,8.0,28850.4,0.1,207722.88,167580.39,40142.49
1223,2025-01-14,Smartphone,Electronics,West,4.0,55659.18,0.05,211504.88,175447.63,36057.25
1224,2025-05-13,Mouse,Accessories,North,6.0,1564.54,0.0,9387.24,7422.83,1964.41
1225,2025-05-12,Tablet,Electronics,South,2.0,37893.5,0.1,68208.3,49644.5,18563.8
1226,2025-03-31,Mouse,Accessories,North,7.0,592.6,0.05,3940.79,3215.72,725.07
1227,2025-01-21,Monitor,Electronics,,1.0,17325.53,0.1,15592.98,10550.0,5042.98
1228,2025-06-16,Smartphone,Electronics,East,1.0,32978.19,0.0,32978.19,27088.36,5889.83
1229,2025-05-01,Mouse,Accessories,South,3.0,688.96,0.1,1860.19,1562.89,297.3
1230,2025-01-05,Mouse,Accessories,East,8.0,1342.06,0.0,10736.48,8990.79,1745.69
1231,2025-01-29,Smartphone,Electronics,East,3.0,43793.8,0.2,105105.12,78478.33,26626.79
1232,2025-06-09,Smartphone,Electronics,West,5.0,23726.87,0.05,112702.63,81231.34,31471.29
1233,2025-01-05,Laptop,Electronics,South,2.0,88467.51,0.15,150394.77,114783.9,35610.87
1234,2025-03-03,Keyboard,Accessories,,3.0,2023.34,0.0,6070.02,4659.07,1410.95
1235,2025-05-15,Smartphone,Electronics,North,2.0,42603.77,0.1,76686.79,48791.44,27895.35
1236,2025-03-06,Monitor,Electronics,North,8.0,9914.22,0.15,67416.7,57671.58,9745.12
1237,2025-03-27,Tablet,Electronics,South,2.0,25344.07,0.0,50688.14,40812.08,9876.06
1238,2025-06-25,Laptop,Electronics,West,6.0,76840.55,0.05,437991.14,358842.67,79148.47
1239,2025-04-28,Keyboard,Accessories,North,8.0,3453.29,,26245.0,16669.36,9575.64
1240,2025-03-22,Tablet,Electronics,East,4.0,16314.19,0.05,61993.92,51615.5,10378.42
1241,2025-01-10,Headphones,Accessories,South,7.0,11885.79,0.2,66560.42,48829.79,17730.63
1242,2025-03-26,Tablet,Electronics,East,6.0,40864.16,0.0,245184.96,202962.05,42222.91
1243,2025-04-09,Laptop,Electronics,East,6.0,72478.06,0.15,369638.11,295116.79,74521.32
1244,2025-05-13,Smartphone,Electronics,East,8.0,50527.22,,363795.98,306256.01,57539.97
1245,2025-02-16,Mouse,Accessories,East,2.0,1926.87,0.0,3853.74,2787.59,1066.15
1246,2025-06-04,Tablet,Electronics,West,2.0,17402.07,0.1,31323.73,21724.86,9598.87
1247,2025-04-01,Smartphone,Electronics,West,8.0,34522.71,0.0,276181.68,219408.52,56773.16
1248,2025-06-23,Tablet,Electronics,South,1.0,17251.23,0.15,14663.55,10369.98,4293.57
1249,2025-01-18,Laptop,Electronics,South,,88946.77,0.15,226814.26,142519.14,84295.12
1250,2025-02-09,Mouse,Accessories,West,6.0,1160.52,0.2,5570.5,3497.01,2073.49
1251,2025-05-16,Tablet,Electronics,East,6.0,28318.18,0.0,169909.08,128747.11,41161.97
1252,2025-01-07,Monitor,Electronics,South,6.0,22640.78,0.05,129052.45,109762.31,19290.14
1253,2025-03-08,Monitor,Electronics,West,7.0,28184.39,0.0,197290.73,134715.32,62575.41
1254,2025-02-04,Smartphone,Electronics,North,5.0,50617.09,0.15,215122.63,143711.12,71411.51
1255,2025-06-24,Monitor,Electronics,East,3.0,27872.26,0.15,71074.26,61077.17,9997.09
1256,2025-03-18,Keyboard,Accessories,South,6.0,3780.07,0.2,18144.34,13610.45,4533.89
1257,2025-02-21,Keyboard,Accessories,South,3.0,4133.52,0.2,9920.45,6684.58,3235.87
1258,2025-04-30,Smartphone,Electronics,South,8.0,19235.35,0.2,123106.24,93234.09,29872.15
1259,2025-05-03,Headphones,Accessories,West,,2190.36,0.15,3723.61,3201.94,521.67
1260,2025-03-23,Mouse,Accessories,North,7.0,2129.01,0.0,14903.07,9688.16,5214.91
1261,2025-05-22,Monitor,Electronics,South,8.0,23282.29,0.1,167632.49,109095.28,58537.21
1262,2025-05-13,Mouse,Accessories,South,3.0,1308.5,0.0,3925.5,3217.08,708.42
1263,2025-05-13,Tablet,Electronics,East,3.0,19859.01,0.05,56598.18,39791.1,16807.08
1264,2025-06-10,Mouse,Accessories,East,2.0,926.27,0.2,1482.03,1016.48,465.55
1265,2025-05-29,Headphones,Accessories,South,2.0,6777.02,0.05,12876.34,9812.21,3064.13
1266,2025-01-08,Smartphone,Electronics,North,6.0,57598.91,0.2,276474.77,174147.76,102327.01
1267,2025-06-13,Laptop,Electronics,,5.0,81045.2,0.2,324180.8,233403.96,90776.84
1268,2025-06-25,Monitor,Electronics,West,5.0,22480.05,0.1,101160.23,74444.5,26715.73
1269,2025-04-17,Tablet,Electronics,West,8.0,17189.19,0.0,137513.52,90475.55,47037.97
1270,2025-03-23,Monitor,Electronics,East,4.0,16144.04,0.05,61347.35,42637.62,18709.73
1271,2025-03-23,Monitor,Electronics,South,3.0,24973.96,0.2,59937.5,45240.6,14696.9
1272,2025-01-13,Monitor,Electronics,East,2.0,14616.91,0.05,27772.13,18157.71,9614.42
1273,2025-05-28,Monitor,Electronics,East,7.0,14213.68,0.05,94520.97,77056.77,17464.2
1274,2025-03-20,Smartphone,Electronics,West,3.0,41418.48,,99404.35,72767.53,26636.82
1275,2025-03-03,Laptop,Electronics,South,2.0,92809.31,0.2,148494.9,108361.98,40132.92
1276,2025-06-17,Headphones,Accessories,West,6.0,2010.91,0.1,10858.91,8022.29,2836.62
1277,2025-03-09,Tablet,Electronics,East,1.0,40415.17,0.15,34352.89,22403.04,11949.85
1278,2025-05-24,Mouse,Accessories,South,7.0,1168.47,0.15,6952.4,4395.85,2556.55
1279,2025-05-21,Tablet,Electronics,East,5.0,17205.95,0.2,68823.8,50109.58,18714.22
1280,2025-03-28,Mouse,Accessories,East,2.0,670.19,0.0,1340.38,,382.63
1281,2025-01-11,Mouse,Accessories,North,3.0,818.02,0.2,1963.25,1406.34,556.91
1282,2025-02-08,Laptop,Electronics,South,3.0,83543.67,0.15,213036.36,158635.36,54401.0
1283,2025-03-18,Tablet,Electronics,East,6.0,19875.06,0.2,95400.29,76075.69,19324.6
1284,2025-01-05,Headphones,Accessories,East,8.0,8941.77,0.1,64380.74,47253.8,17126.94
1285,2025-06-26,Tablet,Electronics,North,2.0,300000.0,0.2,480000.0,49287.18,430712.82
1286,2025-01-14,Headphones,Accessories,West,8.0,4288.07,0.2,27443.65,20819.64,6624.01
1287,2025-06-29,Smartphone,Electronics,North,7.0,24945.46,0.05,165887.31,104107.05,61780.26
1288,2025-06-26,Smartphone,Electronics,South,1.0,38728.81,0.15,32919.49,21606.49,11313.0
1289,2025-05-13,Monitor,Electronics,South,8.0,27329.17,0.0,218633.36,172586.13,46047.23
1290,2025-03-22,Headphones,Accessories,South,6.0,11980.29,0.15,61099.48,45587.21,15512.27
1291,2025-02-19,Monitor,Electronics,South,6.0,20471.74,0.1,110547.4,84725.56,25821.84
1292,2025-02-23,Tablet,Electronics,West,5.0,21746.01,0.1,97857.04,78782.92,19074.12
1293,2025-05-27,Tablet,Electronics,West,8.0,25464.1,0.1,183341.52,126335.04,57006.48
1294,2025-03-15,Monitor,Electronics,North,6.0,29046.79,0.05,165566.7,114192.78,51373.92
1295,2025-05-18,Tablet,Electronics,East,8.0,34679.16,0.15,235818.29,158318.22,77500.07
1296,2025-03-03,Headphones,Accessories,South,5.0,2941.37,0.2,11765.48,9386.66,2378.82
1297,2025-03-26,Laptop,Electronics,West,4.0,80517.78,0.0,322071.12,207429.1,114642.02
1298,2025-02-10,Laptop,Electronics,West,3.0,55207.26,0.2,132497.42,113245.36,19252.06
1299,2025-03-15,Keyboard,Accessories,East,8.0,2805.28,,21320.13,17086.35,4233.78
1300,2025-03-01,Tablet,Electronics,North,1.0,42238.11,0.0,42238.11,32800.08,9438.03
1013,2025-03-22,Monitor,Electronics,South,5.0,10389.96,0.2,41559.84,34508.31,7051.53
1049,2025-03-06,Keyboard,Accessories,North,6.0,1655.11,0.1,8937.59,6625.42,2312.17
1122,2025-02-11,Monitor,Electronics,East,6.0,17575.31,0.1,94906.67,74106.17,20800.5
1201,2025-02-19,Mouse,Accessories,East,3.0,560.4,0.0,1681.2,1256.44,424.76
