order_id,order_date,product,category,region,quantity,unit_price,discount,revenue,cost,profit,profit_margin
1194,2025-01-02,Smartphone,Electronics,West,3.0,53915.56,0.1,145572.012,101718.35,43853.66199999998,0.30125064150380765
1018,2025-01-03,Headphones,Accessories,North,8.0,7055.7,0.2,45156.48,37325.77,7830.710000000006,0.17341276379381224
1104,2025-01-04,Laptop,Electronics,South,4.0,66849.86,0.1,240659.496,159573.12,81086.37600000002,0.33693403895435736
1215,2025-01-05,Keyboard,Accessories,East,2.0,3513.3,0.15,5972.610000000001,4431.9,1540.710000000001,0.2579625992656478
1230,2025-01-05,Mouse,Accessories,East,8.0,1342.06,0.0,10736.48,8990.79,1745.6899999999987,0.16259425808086064
1284,2025-01-05,Headphones,Accessories,East,8.0,8941.77,0.1,64380.744000000006,47253.8,17126.944000000003,0.2660258787938207
1233,2025-01-05,Laptop,Electronics,South,2.0,87694.25375,0.15,149080.231375,114783.9,34296.33137500001,0.23005284509339263
1119,2025-01-06,Laptop,Electronics,East,2.0,64156.98,0.2,102651.168,78108.25,24542.918000000005,0.23909048945258962
1055,2025-01-07,Smartphone,Electronics,South,3.0,63881.68,0.05,182062.788,151392.47,30670.318,0.1684601138811518
1252,2025-01-07,Monitor,Electronics,South,6.0,22640.78,0.05,129052.44599999998,109762.31,19290.135999999984,0.14947516763843427
1060,2025-01-08,Keyboard,Accessories,North,7.0,3653.98,0.2,20462.288,14312.88,6149.408000000001,0.30052396877612125
1266,2025-01-08,Smartphone,Electronics,North,6.0,57598.91,0.2,276474.76800000004,174147.76,102327.00800000003,0.3701133696222145
1081,2025-01-08,Headphones,Accessories,West,4.0,6626.41,0.1,23855.076,17285.41,6569.666000000001,0.27539908068203184
1012,2025-01-09,Keyboard,Accessories,East,4.0,3675.38,0.0,14701.52,9923.11,4778.41,0.32502829639384223
1029,2025-01-09,Headphones,Accessories,East,4.0,1575.5,0.0,6302.0,4253.51,2048.49,0.32505395112662644
1241,2025-01-10,Headphones,Accessories,South,7.0,11885.79,0.2,66560.424,48829.79,17730.634,0.26638403024596113
1281,2025-01-11,Mouse,Accessories,North,3.0,818.02,0.2,1963.248,1406.34,556.9080000000001,0.28366665851690676
1272,2025-01-13,Monitor,Electronics,East,2.0,14616.91,0.05,27772.128999999997,18157.71,9614.418999999998,0.34618948370864905
1223,2025-01-14,Smartphone,Electronics,West,4.0,55659.18,0.05,211504.884,175447.63,36057.253999999986,0.17047953370192617
1211,2025-01-14,Tablet,Electronics,East,5.0,26622.5,0.1,119801.25,38184.32,81616.93,0.6812694358364374
1286,2025-01-14,Headphones,Accessories,West,8.0,4288.07,0.2,27443.648,20819.64,6624.008000000002,0.24136761993157765
1182,2025-01-14,Keyboard,Accessories,East,2.0,2525.4,0.15,4293.18,3556.22,736.9600000000005,0.1716583045667781
1142,2025-01-15,Smartphone,Electronics,East,5.0,60460.93,0.0,302304.65,210963.28,91341.37000000002,0.3021500661666965
1038,2025-01-15,Monitor,Electronics,North,8.0,12250.73,0.1,88205.256,59295.83,28909.425999999992,0.3277517385131788
1208,2025-01-16,Monitor,Electronics,West,4.0,15752.06,0.15,53557.00399999999,39649.75,13907.253999999994,0.2596719936014344
1036,2025-01-16,Smartphone,Electronics,South,7.0,40825.13,0.05,271487.11449999997,224659.95,46827.164499999955,0.17248393017194177
1107,2025-01-17,Laptop,Electronics,West,5.0,87694.25375,0.15,372700.57843750005,254893.8,117806.77843750006,0.3160896045060892
1091,2025-01-18,Mouse,Accessories,East,1.0,1129.13,0.15,959.7605000000001,747.43,212.33050000000014,0.22123279714053676
1204,2025-01-18,Keyboard,Accessories,Unknown,6.0,4429.84,0.1,23921.136000000002,15697.76,8223.376000000002,0.34377029585885893
1249,2025-01-18,Laptop,Electronics,South,4.0,87694.25375,0.15,298160.46275,142519.14,155641.32275,0.5220052360882647
1045,2025-01-18,Laptop,Electronics,South,4.0,75235.39,0.05,285894.48199999996,241289.87,44604.611999999965,0.15601774363731852
1070,2025-01-19,Smartphone,Electronics,West,1.0,20172.04,0.15,17146.234,13146.11,4000.124,0.23329461151644143
1034,2025-01-20,Smartphone,Electronics,West,7.0,26623.94,0.15,158412.443,107713.1,50699.34299999999,0.3200464688244218
1190,2025-01-21,Laptop,Electronics,East,3.0,61296.4,0.2,147111.36000000002,92965.99,54145.37000000001,0.3680570283627315
1008,2025-01-21,Keyboard,Accessories,South,2.0,992.46,0.05,1885.674,1518.98,366.69399999999996,0.19446309383276217
1227,2025-01-21,Monitor,Electronics,Unknown,1.0,17325.53,0.1,15592.976999999999,10550.0,5042.976999999999,0.3234133546147089
1035,2025-01-24,Mouse,Accessories,South,2.0,506.24,0.2,809.984,664.71,145.274,0.17935416008217445
1180,2025-01-25,Keyboard,Accessories,East,8.0,1081.96,0.0,8655.68,5560.19,3095.4900000000007,0.35762528189581877
1217,2025-01-26,Smartphone,Electronics,North,3.0,25282.42,0.1,68262.534,56157.04,12105.493999999999,0.17733730775362072
1141,2025-01-26,Keyboard,Accessories,West,2.0,2622.68,0.0,5245.36,4209.34,1036.0199999999995,0.19751170558360143
1136,2025-01-26,Monitor,Electronics,West,1.0,11651.17,0.2,9320.936,6521.66,2799.276,0.3003213411185314
1172,2025-01-28,Keyboard,Accessories,West,2.0,2800.23,0.1,5040.414,3745.92,1294.4939999999997,0.25682295144803574
1231,2025-01-29,Smartphone,Electronics,East,3.0,43793.8,0.2,105105.12000000002,78478.33,26626.790000000023,0.2533348518131183
1051,2025-01-29,Smartphone,Electronics,North,8.0,43928.98,0.15,298717.064,225417.17,73299.894,0.24538234615214347
1016,2025-01-29,Smartphone,Electronics,South,3.0,41947.74,0.0,125843.22,100849.21,24994.009999999995,0.19861228916424734
1128,2025-01-30,Headphones,Accessories,West,1.0,7298.64,0.0,7298.64,4918.76,2379.88,0.3260717065097059
1073,2025-02-01,Mouse,Accessories,West,8.0,505.46,0.05,3841.4959999999996,3227.6,613.8959999999997,0.1598064920541372
1105,2025-02-02,Tablet,Electronics,West,1.0,44228.85,0.2,35383.08,24418.32,10964.760000000002,0.309887098579321
1050,2025-02-03,Laptop,Electronics,East,7.0,87694.25375,0.0,613859.77625,383200.04,230659.73625000002,0.37575313642323055
1030,2025-02-03,Laptop,Electronics,West,4.0,66139.09,0.15,224872.906,150983.46,73889.446,0.32858314198154226
1126,2025-02-03,Keyboard,Accessories,East,8.0,3991.96,0.05,30338.896,20754.64,9584.256000000001,0.31590655111510985
1047,2025-02-04,Keyboard,Accessories,East,5.0,4713.38,0.0,23566.9,19922.12,3644.7800000000025,0.15465674314398595
1254,2025-02-04,Smartphone,Electronics,North,5.0,50617.09,0.15,215122.63249999998,143711.12,71411.51249999998,0.3319572267692475
1001,2025-02-05,Keyboard,Accessories,North,2.0,905.05,0.1,1629.09,1105.78,523.31,0.32122841586407136
1014,2025-02-05,Keyboard,Accessories,South,8.0,2461.65,0.15,16739.22,10952.29,5786.93,0.3457108515211581
1052,2025-02-07,Keyboard,Accessories,West,3.0,3091.48,0.1,8346.996000000001,6342.07,2004.9260000000013,0.24019731170351596
1130,2025-02-07,Mouse,Accessories,West,8.0,2458.51,0.05,18684.676,13632.88,5051.796,0.2703710784174154
1168,2025-02-07,Mouse,Accessories,North,4.0,1631.4,0.05,6199.32,4332.42,1866.8999999999996,0.30114593213449214
1175,2025-02-07,Monitor,Electronics,North,8.0,10543.31,0.0,84346.48,58815.38,25531.1,0.3026931295769545
1282,2025-02-08,Laptop,Electronics,South,3.0,83543.67,0.15,213036.3585,158635.36,54400.998500000016,0.2553601595663776
1115,2025-02-08,Mouse,Accessories,East,4.0,1292.79,0.2,4136.928,2788.1,1348.828,0.32604580016862755
1077,2025-02-08,Tablet,Electronics,South,6.0,24591.29,0.2,118038.192,75466.38,42571.81199999999,0.3606613357818967
1021,2025-02-09,Mouse,Accessories,East,5.0,2167.51,0.2,8670.04,6642.58,2027.460000000001,0.2338466719876726
1250,2025-02-09,Mouse,Accessories,West,6.0,1160.52,0.2,5570.496,3497.01,2073.486,0.37222645882880084
1183,2025-02-09,Headphones,Accessories,West,5.0,5192.28,0.2,20769.12,15406.1,5363.019999999999,0.25822085865939426
1127,2025-02-10,Monitor,Electronics,East,8.0,11549.95,0.2,73919.68000000001,60010.61,13909.070000000007,0.18816464032311836
1298,2025-02-10,Laptop,Electronics,West,3.0,55207.26,0.2,132497.424,113245.36,19252.064,0.14530142110536426
1210,2025-02-10,Smartphone,Electronics,East,8.0,64576.34,0.2,413288.576,308089.91,105198.66600000003,0.25454046423968907
1112,2025-02-10,Tablet,Electronics,North,2.0,19711.71,0.05,37452.248999999996,28182.0,9270.248999999996,0.24752182439030557
1122,2025-02-11,Monitor,Electronics,East,6.0,17575.31,0.1,94906.67400000001,74106.17,20800.504000000015,0.2191679796933987
1025,2025-02-12,Mouse,Accessories,East,3.0,669.62,0.15,1707.5310000000002,1446.69,260.8410000000001,0.1527591592773426
1219,2025-02-12,Smartphone,Electronics,West,3.0,57073.22,0.2,136975.728,111521.6,25454.127999999997,0.18582947775973854
1088,2025-02-12,Headphones,Accessories,North,4.0,6382.86,0.1,22978.296,38184.32,-15206.024000000001,-0.6617559456976271
1068,2025-02-13,Monitor,Electronics,North,8.0,18285.36,0.05,138968.736,103209.55,35759.186,0.25731820716855336
1169,2025-02-14,Tablet,Electronics,North,3.0,44625.82,0.2,107101.968,72846.16,34255.80799999999,0.31984293696638694
1202,2025-02-14,Tablet,Electronics,South,3.0,22088.07,0.05,62950.99949999999,42896.85,20054.149499999992,0.3185676106699465
1066,2025-02-14,Headphones,Accessories,East,3.0,3514.32,0.15,8961.516000000001,7012.89,1948.626000000001,0.21744378964452005
1209,2025-02-14,Laptop,Electronics,North,6.0,87694.25375,0.0,526165.5225,419289.35,106876.17249999999,0.20312272075941654
1020,2025-02-15,Monitor,Electronics,North,1.0,29030.13,0.1,26127.117000000002,22293.05,3834.0670000000027,0.14674665406060694
1245,2025-02-16,Mouse,Accessories,East,2.0,1926.87,0.0,3853.74,2787.59,1066.1499999999996,0.27665332897393174
1033,2025-02-18,Laptop,Electronics,West,7.0,84128.54,0.0,588899.7799999999,400261.94,188637.8399999999,0.320322483394373
1151,2025-02-18,Mouse,Accessories,East,4.0,1674.84,0.1,6029.424,4055.15,1974.274,0.32743990139024887
1201,2025-02-19,Mouse,Accessories,East,3.0,560.4,0.0,1681.1999999999998,1256.44,424.75999999999976,0.25265286699976197
1291,2025-02-19,Monitor,Electronics,South,6.0,20471.74,0.1,110547.39600000001,84725.56,25821.83600000001,0.23358158522340958
1257,2025-02-21,Keyboard,Accessories,South,3.0,4133.52,0.2,9920.448000000002,6684.58,3235.868000000002,0.3261816401839918
1167,2025-02-22,Laptop,Electronics,North,6.0,64742.76,0.05,369033.73199999996,298502.06,70531.67199999996,0.19112527090070988
1193,2025-02-22,Laptop,Electronics,East,4.0,70810.54,0.1,254917.944,143467.29,111450.65399999998,0.43720207471938494
1111,2025-02-23,Tablet,Electronics,South,1.0,33288.93,0.0,33288.93,28209.76,5079.170000000002,0.15257834961952824
1292,2025-02-23,Tablet,Electronics,West,5.0,21746.01,0.1,97857.045,78782.92,19074.125,0.19491826061169126
1053,2025-02-23,Smartphone,Electronics,South,1.0,32488.14,0.0,32488.14,27151.7,5336.439999999999,0.16425809541574243
1096,2025-02-24,Tablet,Electronics,East,1.0,29829.2,0.1,26846.280000000002,17816.31,9029.970000000001,0.33635833344508065
1191,2025-02-25,Monitor,Electronics,North,7.0,19198.9,0.15,114233.45500000002,82180.02,32053.435000000012,0.28059586396997277
1002,2025-02-25,Keyboard,Accessories,South,2.0,3280.07,0.0,6560.14,4114.2,2445.9400000000005,0.37284875017911207
1072,2025-02-26,Keyboard,Accessories,South,4.0,4549.17,0.0,18196.68,3670.37,14526.310000000001,0.7982945240560366
1057,2025-02-26,Smartphone,Electronics,South,2.0,35979.46,0.0,71958.92,59442.56,12516.36,0.17393757438271726
1099,2025-02-26,Keyboard,Accessories,West,8.0,2682.33,0.0,21458.64,13783.59,7675.049999999999,0.35766712149511803
1200,2025-02-26,Headphones,Accessories,East,2.0,87694.25375,0.1,157849.65675000002,8133.74,149715.91675000003,0.9484716016020099
1069,2025-02-27,Tablet,Electronics,South,6.0,17801.62,0.05,101469.234,79295.26,22173.974000000002,0.21852903708724167
1156,2025-02-27,Mouse,Accessories,West,2.0,1383.5,0.0,2767.0,38184.32,-35417.32,-12.799898807372605
1195,2025-02-28,Keyboard,Accessories,East,7.0,1537.92,0.15,9150.624,6843.01,2307.6139999999996,0.25218105344509834
1114,2025-03-01,Keyboard,Accessories,East,5.0,3752.55,0.15,15948.3375,38184.32,-22235.9825,-1.3942508114090262
1113,2025-03-01,Monitor,Electronics,East,8.0,23476.79,0.15,159642.172,110137.49,49504.681999999986,0.31009777291178414
1134,2025-03-01,Monitor,Electronics,West,6.0,27261.64,0.05,155391.348,117667.21,37724.13799999999,0.2427685870901898
1300,2025-03-01,Tablet,Electronics,North,1.0,42238.11,0.0,42238.11,32800.08,9438.029999999999,0.22344820826500048
1170,2025-03-02,Keyboard,Accessories,East,1.0,1353.57,0.1,1218.213,986.26,231.95299999999997,0.1904043053226324
1164,2025-03-02,Tablet,Electronics,East,1.0,35708.42,0.05,33922.998999999996,24642.07,9280.928999999996,0.27358810463662125
1275,2025-03-03,Laptop,Electronics,South,2.0,87694.25375,0.2,140310.806,108361.98,31948.826000000015,0.2277003953637043
1144,2025-03-03,Smartphone,Electronics,West,3.0,21711.51,0.15,55364.3505,42560.26,12804.090499999998,0.23126958745772694
1234,2025-03-03,Keyboard,Accessories,Unknown,3.0,2023.34,0.0,6070.0199999999995,4659.07,1410.9499999999998,0.23244569210645102
1296,2025-03-03,Headphones,Accessories,South,5.0,2941.37,0.2,11765.48,9386.66,2378.8199999999997,0.20218639613513428
1098,2025-03-03,Headphones,Accessories,West,4.0,2398.94,0.15,8156.396,6013.38,2143.0159999999996,0.2627405535484054
1094,2025-03-04,Monitor,Electronics,North,7.0,26340.43,0.2,147506.40800000002,100955.59,46550.81800000003,0.3155850558031352
1071,2025-03-04,Monitor,Electronics,South,4.0,24085.26,0.1,86706.936,60488.0,26218.936,0.3023856822711392
1056,2025-03-05,Keyboard,Accessories,East,6.0,4086.02,0.15,20838.701999999997,16932.2,3906.5019999999968,0.1874637873318596
1075,2025-03-05,Mouse,Accessories,East,8.0,2284.14,0.15,15532.151999999998,11307.67,4224.481999999998,0.27198304523416966
1086,2025-03-05,Tablet,Electronics,South,4.0,34504.32,0.0,138017.28,110554.05,27463.229999999996,0.19898399678648931
1049,2025-03-06,Keyboard,Accessories,North,6.0,1655.11,0.1,8937.594000000001,6625.42,2312.174000000001,0.2587020623223656
1236,2025-03-06,Monitor,Electronics,North,8.0,9914.22,0.15,67416.696,57671.58,9745.115999999995,0.14455048345887486
1101,2025-03-06,Monitor,Electronics,South,6.0,16388.02,0.15,83578.90199999999,57253.21,26325.69199999999,0.31498011304336104
1253,2025-03-08,Monitor,Electronics,West,7.0,28184.39,0.0,197290.72999999998,134715.32,62575.409999999974,0.3171735945221551
1277,2025-03-09,Tablet,Electronics,East,1.0,40415.17,0.15,34352.894499999995,22403.04,11949.854499999994,0.34785582623903777
1093,2025-03-11,Keyboard,Accessories,West,3.0,2629.05,0.2,6309.720000000001,5374.07,935.6500000000015,0.14828708722415596
1129,2025-03-11,Laptop,Electronics,West,3.0,74935.02,0.1,202324.554,150150.97,52173.584,0.2578707476107917
1117,2025-03-11,Monitor,Electronics,West,2.0,18842.66,0.1,33916.788,26724.26,7192.528000000002,0.21206394898007447
1097,2025-03-12,Mouse,Accessories,North,5.0,1114.71,0.2,4458.84,3514.83,944.0100000000002,0.21171650025567193
1165,2025-03-12,Laptop,Electronics,South,4.0,76778.63,0.1,276403.068,263079.89,13323.178000000014,0.04820199029049856
1184,2025-03-13,Smartphone,Electronics,South,2.0,34455.36,0.2,55128.576,39042.87,16085.705999999998,0.2917852621478922
1059,2025-03-13,Monitor,Electronics,East,6.0,14850.66,0.0,89103.95999999999,75921.33,13182.62999999999,0.14794662324772087
1076,2025-03-15,Mouse,Accessories,South,8.0,1716.17,0.1,12356.424,8965.44,3390.9840000000004,0.2744308547521516
1299,2025-03-15,Keyboard,Accessories,East,8.0,2805.28,0.1,20198.016000000003,17086.35,3111.6660000000047,0.15405800252856539
1140,2025-03-15,Mouse,Accessories,South,1.0,1696.66,0.05,1611.827,1243.49,368.337,0.22852142320484767
1206,2025-03-15,Tablet,Electronics,North,8.0,28557.42,0.0,228459.36,161862.78,66596.57999999999,0.29150296140197535
1294,2025-03-15,Monitor,Electronics,North,6.0,29046.79,0.05,165566.70299999998,114192.78,51373.92299999998,0.3102913935539321
1155,2025-03-17,Mouse,Accessories,East,3.0,939.64,0.15,2396.082,2041.87,354.212,0.14782966526187336
1283,2025-03-18,Tablet,Electronics,East,6.0,19875.06,0.2,95400.28800000002,76075.69,19324.598000000013,0.20256330882355417
1256,2025-03-18,Keyboard,Accessories,South,6.0,3780.07,0.2,18144.336000000003,13610.45,4533.886000000002,0.2498788602680198
1160,2025-03-19,Headphones,Accessories,West,4.0,8300.35,0.15,28221.19,23656.5,4564.689999999999,0.16174690011300016
1090,2025-03-19,Monitor,Electronics,North,4.0,10595.93,0.05,40264.534,25948.73,14315.804,0.355543764644091
1023,2025-03-20,Monitor,Electronics,South,1.0,11349.22,0.1,10214.297999999999,8486.99,1727.307999999999,0.1691068735218024
1274,2025-03-20,Smartphone,Electronics,West,3.0,41418.48,0.1,111829.89600000001,72767.53,39062.36600000001,0.34930163933980596
1089,2025-03-21,Mouse,Accessories,West,3.0,2425.91,0.0,7277.73,5522.96,1754.7699999999995,0.2411150180069884
1213,2025-03-21,Tablet,Electronics,West,12.0,32482.19,0.05,370296.96599999996,51842.76,318454.20599999995,0.859996800513888
1186,2025-03-21,Headphones,Accessories,East,5.0,1804.01,0.1,8118.044999999999,6402.27,1715.7749999999987,0.21135322605380963
1013,2025-03-22,Monitor,Electronics,South,5.0,10389.96,0.2,41559.84,34508.31,7051.529999999999,0.16967173117124607
1290,2025-03-22,Headphones,Accessories,South,6.0,11980.29,0.15,61099.479,45587.21,15512.269,0.2538854545715521
1042,2025-03-22,Headphones,Accessories,East,2.0,5901.86,0.2,9442.976,7135.63,2307.3460000000005,0.24434521489835412
1240,2025-03-22,Tablet,Electronics,East,4.0,16314.19,0.05,61993.922,51615.5,10378.421999999999,0.1674103148369932
1270,2025-03-23,Monitor,Electronics,East,4.0,16144.04,0.05,61347.352,42637.62,18709.731999999996,0.3049802703790703
1260,2025-03-23,Mouse,Accessories,North,7.0,2129.01,0.0,14903.070000000002,9688.16,5214.910000000002,0.3499218617372126
1271,2025-03-23,Monitor,Electronics,South,3.0,24973.96,0.2,59937.50400000001,45240.6,14696.90400000001,0.24520380428254082
1139,2025-03-23,Keyboard,Accessories,West,2.0,4377.41,0.2,7003.856,4981.16,2022.696,0.2887974852709707
1176,2025-03-25,Smartphone,Electronics,West,5.0,47342.92,0.2,189371.68,142332.8,47038.880000000005,0.24839448010388884
1153,2025-03-25,Headphones,Accessories,Unknown,6.0,9189.78,0.0,55138.68000000001,46223.34,8915.340000000011,0.1616893984404416
1242,2025-03-26,Tablet,Electronics,East,6.0,40864.16,0.0,245184.96000000002,202962.05,42222.91000000003,0.1722084013636074
1297,2025-03-26,Laptop,Electronics,West,4.0,80517.78,0.0,322071.12,207429.1,114642.01999999999,0.3559524989387437
1078,2025-03-26,Monitor,Electronics,West,3.0,23834.8,0.0,71504.4,51452.3,20052.09999999999,0.28043169371395316
1214,2025-03-26,Smartphone,Electronics,South,2.0,32550.35,0.15,55335.594999999994,42854.0,12481.594999999994,0.2255617744780732
1237,2025-03-27,Tablet,Electronics,South,2.0,25344.07,0.0,50688.14,40812.08,9876.059999999998,0.19483966071747746
1084,2025-03-28,Laptop,Electronics,West,5.0,70164.15,0.05,333279.71249999997,243003.51,90276.20249999996,0.2708721806761639
1280,2025-03-28,Mouse,Accessories,East,2.0,670.19,0.0,1340.38,38184.32,-36843.94,-27.487682597472357
1004,2025-03-29,Mouse,Accessories,East,1.0,1993.5,0.05,1893.8249999999998,1491.48,402.3449999999998,0.21245099203991913
1106,2025-03-29,Laptop,Electronics,South,1.0,77962.57,0.15,66268.1845,48699.92,17568.264500000005,0.26510858313916846
1226,2025-03-31,Mouse,Accessories,North,7.0,592.6,0.05,3940.7899999999995,3215.72,725.0699999999997,0.18399102717982938
1247,2025-04-01,Smartphone,Electronics,West,8.0,34522.71,0.0,276181.68,219408.52,56773.16,0.205564539979625
1092,2025-04-03,Laptop,Electronics,West,7.0,87694.25375,0.0,613859.77625,445471.01,168388.76625,0.2743114515153085
1007,2025-04-03,Monitor,Electronics,South,2.0,20592.85,0.2,32948.56,27429.95,5518.609999999997,0.16749169007689554
1154,2025-04-04,Smartphone,Electronics,East,4.0,24211.51,0.2,77476.832,64332.93,13143.901999999995,0.16964945081905253
1009,2025-04-04,Mouse,Accessories,South,2.0,1198.27,0.15,2037.059,1573.76,463.299,0.22743523874369864
1162,2025-04-05,Laptop,Electronics,West,4.0,87694.25375,0.05,333238.16425,245269.17,87968.99424999996,0.26398235162526096
1179,2025-04-06,Monitor,Electronics,South,2.0,15563.52,0.1,28014.336000000003,21840.7,6173.636000000002,0.22037416842576607
1218,2025-04-07,Keyboard,Accessories,South,6.0,4480.85,0.2,21508.08,14011.48,7496.600000000002,0.34854808053531516
1011,2025-04-08,Headphones,Accessories,East,3.0,7108.47,0.05,20259.139499999997,13355.16,6903.979499999998,0.34078345232777524
1005,2025-04-08,Smartphone,Electronics,North,4.0,62989.01,0.1,226760.43600000002,146154.01,80606.426,0.3554695317308351
1017,2025-04-09,Keyboard,Accessories,West,3.0,4126.73,0.15,10523.161499999998,8030.63,2492.5314999999982,0.23686146981589123
1243,2025-04-09,Laptop,Electronics,East,6.0,72478.06,0.15,369638.10599999997,295116.79,74521.31599999999,0.20160615150430405
1080,2025-04-10,Mouse,Accessories,West,7.0,1401.66,0.1,8830.458,6107.74,2722.7180000000008,0.3083325915824525
1187,2025-04-13,Tablet,Electronics,North,1.0,20442.17,0.05,19420.061499999996,14679.95,4740.111499999995,0.2440832383563768
1015,2025-04-13,Keyboard,Accessories,East,5.0,3937.46,0.15,16734.204999999998,13981.05,2753.154999999999,0.1645226050475657
1124,2025-04-14,Monitor,Electronics,North,2.0,15604.86,0.1,28088.748000000003,18196.49,9892.258000000002,0.35217867311138257
1054,2025-04-15,Keyboard,Accessories,South,2.0,2285.45,0.2,3656.72,3043.09,613.6299999999997,0.1678088560239777
1269,2025-04-17,Tablet,Electronics,West,8.0,17189.19,0.0,137513.52,90475.55,47037.96999999999,0.34206069337764017
1131,2025-04-17,Smartphone,Electronics,East,3.0,58609.27,0.1,158245.029,127457.2,30787.829000000012,0.19455795353925467
1188,2025-04-18,Smartphone,Electronics,West,1.0,22312.61,0.2,17850.088,11988.69,5861.397999999999,0.3283680170092158
1174,2025-04-20,Monitor,Electronics,North,1.0,10277.33,0.15,8735.7305,7192.58,1543.1504999999997,0.17664813492128675
1019,2025-04-22,Keyboard,Accessories,South,5.0,4028.11,0.1,18126.495,11723.72,6402.775,0.35322741655240025
1152,2025-04-23,Keyboard,Accessories,North,3.0,3438.64,0.0,10315.92,7160.73,3155.1900000000005,0.30585638508247454
1074,2025-04-24,Smartphone,Electronics,West,8.0,49376.15,0.2,316007.36000000004,241084.72,74922.64000000004,0.2370914398955772
1146,2025-04-24,Mouse,Accessories,East,8.0,2292.54,0.2,14672.256000000001,9653.09,5019.166000000001,0.3420854979629582
1003,2025-04-25,Headphones,Accessories,East,1.0,7393.07,0.2,5914.456,4262.46,1651.996,0.27931495305739024
1178,2025-04-27,Mouse,Accessories,West,4.0,1303.15,0.05,4951.97,3562.03,1389.94,0.28068425293368093
1147,2025-04-27,Headphones,Accessories,East,5.0,8208.86,0.15,34887.655,38184.32,-3296.665000000001,-0.09449373997765115
1037,2025-04-27,Monitor,Electronics,East,1.0,29691.49,0.1,26722.341,22509.95,4212.391,0.1576355529629683
1196,2025-04-28,Laptop,Electronics,North,7.0,87694.25375,0.0,613859.77625,453870.68,159989.09625,0.2606280822427482
1239,2025-04-28,Keyboard,Accessories,North,8.0,3453.29,0.1,24863.688000000002,16669.36,8194.328000000001,0.3295700943480308
1083,2025-04-29,Monitor,Electronics,South,1.0,10762.9,0.15,9148.465,5970.0,3178.465,0.3474315090017834
1258,2025-04-30,Smartphone,Electronics,South,8.0,19235.35,0.2,123106.23999999999,93234.09,29872.149999999994,0.2426534187056643
1229,2025-05-01,Mouse,Accessories,South,3.0,688.96,0.1,1860.1920000000002,1562.89,297.30200000000013,0.15982328705854024
1221,2025-05-01,Mouse,Accessories,South,8.0,891.41,0.05,6774.715999999999,4703.5,2071.2159999999994,0.30572735447508054
1259,2025-05-03,Headphones,Accessories,West,4.0,2190.36,0.15,7447.224,3201.94,4245.284,0.5700491887984032
1216,2025-05-05,Tablet,Electronics,South,3.0,43535.08,0.1,117544.716,99612.14,17932.576,0.15255960974034768
1024,2025-05-05,Laptop,Electronics,North,4.0,87694.25375,0.0,350777.015,230908.9,119868.11500000002,0.3417216917704828
1121,2025-05-06,Tablet,Electronics,North,3.0,44908.36,0.15,114516.31800000001,88446.49,26069.82800000001,0.22765164349765424
1161,2025-05-07,Laptop,Electronics,North,3.0,56813.87,0.0,170441.61000000002,118124.13,52317.48000000001,0.30695251001207985
1150,2025-05-08,Tablet,Electronics,East,1.0,31977.87,0.0,31977.87,26814.98,5162.889999999999,0.16145196662566955
1222,2025-05-09,Tablet,Electronics,West,8.0,28850.4,0.1,207722.88,167580.39,40142.48999999999,0.19325020912477234
1205,2025-05-10,Monitor,Electronics,North,5.0,25722.92,0.2,102891.68,65179.96,37711.719999999994,0.36651865340326834
1225,2025-05-12,Tablet,Electronics,South,2.0,37893.5,0.1,68208.3,49644.5,18563.800000000003,0.27216335841825706
1224,2025-05-13,Mouse,Accessories,North,6.0,1564.54,0.0,9387.24,7422.83,1964.4099999999999,0.20926385178178036
1262,2025-05-13,Mouse,Accessories,South,3.0,1308.5,0.0,3925.5,3217.08,708.4200000000001,0.1804661826518915
1289,2025-05-13,Monitor,Electronics,South,8.0,27329.17,0.0,218633.36,172586.13,46047.22999999998,0.21061392460876047
1263,2025-05-13,Tablet,Electronics,East,3.0,19859.01,0.05,56598.178499999995,39791.1,16807.078499999996,0.29695440640373255
1027,2025-05-13,Keyboard,Accessories,West,5.0,2475.77,0.1,11140.965,8078.81,3062.1549999999997,0.27485545462174954
1244,2025-05-13,Smartphone,Electronics,East,8.0,50527.22,0.1,363795.984,306256.01,57539.97399999999,0.15816550080442887
1235,2025-05-15,Smartphone,Electronics,North,2.0,42603.77,0.1,76686.786,48791.44,27895.34599999999,0.36375687983585586
1103,2025-05-15,Smartphone,Electronics,East,4.0,52714.42,0.1,189771.912,150660.0,39111.91200000001,0.20609958337775514
1171,2025-05-15,Laptop,Electronics,North,3.0,65614.7,0.05,187001.89499999996,149229.81,37772.08499999996,0.20198771247745897
1039,2025-05-16,Keyboard,Accessories,South,6.0,1040.09,0.2,4992.432,3666.59,1325.8419999999996,0.26557036730795724
1251,2025-05-16,Tablet,Electronics,East,6.0,28318.18,0.0,169909.08000000002,128747.11,41161.970000000016,0.2422588010011002
1295,2025-05-18,Tablet,Electronics,East,8.0,34679.16,0.15,235818.28800000003,158318.22,77500.06800000003,0.3286431627389307
1157,2025-05-18,Mouse,Accessories,North,6.0,589.64,0.15,3007.164,1874.48,1132.6840000000002,0.37666186480019054
1063,2025-05-18,Tablet,Electronics,South,1.0,36263.56,0.0,36263.56,27008.41,9255.149999999998,0.25521901324635526
1006,2025-05-18,Tablet,Electronics,North,6.0,33111.78,0.0,198670.68,157970.14,40700.53999999998,0.20486435139800185
1085,2025-05-19,Tablet,Electronics,North,7.0,22568.15,0.0,157977.05000000002,115777.22,42199.830000000016,0.267126332590715
1123,2025-05-21,Monitor,Electronics,North,8.0,15052.57,0.15,102357.476,83447.53,18909.945999999996,0.18474416074894223
1279,2025-05-21,Tablet,Electronics,East,5.0,17205.95,0.2,68823.8,50109.58,18714.22,0.2719149480267001
1133,2025-05-22,Mouse,Accessories,West,4.0,1337.75,0.15,4548.349999999999,2397.53,2150.8199999999993,0.47287917596491025
1261,2025-05-22,Monitor,Electronics,South,8.0,23282.29,0.1,167632.488,109095.28,58537.20800000001,0.3491996611062648
1028,2025-05-22,Laptop,Electronics,South,4.0,63987.89,0.1,230356.404,143983.86,86372.54400000002,0.37495178124069006
1100,2025-05-22,Keyboard,Accessories,East,4.0,2086.07,0.1,7509.852000000001,4729.97,2779.8820000000005,0.3701646850031133
1278,2025-05-24,Mouse,Accessories,South,7.0,1168.47,0.15,6952.3965,4395.85,2556.5464999999995,0.3677216194444606
1159,2025-05-24,Laptop,Electronics,East,4.0,73859.07,0.2,236349.02400000003,196693.52,39655.504000000044,0.16778365879776191
1181,2025-05-24,Mouse,Accessories,East,3.0,1568.38,0.2,3764.1120000000005,3197.95,566.1620000000007,0.15041050850771726
1203,2025-05-25,Mouse,Accessories,West,2.0,772.01,0.15,1312.417,959.84,352.5769999999999,0.2686470839679766
1108,2025-05-25,Monitor,Electronics,East,2.0,21117.44,0.0,42234.88,27723.59,14511.289999999997,0.343585444068978
1143,2025-05-25,Tablet,Electronics,South,6.0,27920.6,0.05,159147.41999999998,118959.5,40187.919999999984,0.25252008483706484
1189,2025-05-26,Tablet,Electronics,North,3.0,26101.59,0.1,70474.293,56833.33,13640.963000000003,0.19355941605544028
1148,2025-05-27,Smartphone,Electronics,East,7.0,58106.77,0.0,406747.38999999996,275339.25,131408.13999999996,0.3230706409695707
1293,2025-05-27,Tablet,Electronics,West,8.0,25464.1,0.1,183341.52,126335.04,57006.479999999996,0.3109305519011733
1273,2025-05-28,Monitor,Electronics,East,7.0,14213.68,0.05,94520.97200000001,77056.77,17464.202000000005,0.18476536614540953
1062,2025-05-28,Tablet,Electronics,South,6.0,28091.82,0.2,134840.736,87343.76,47496.97600000001,0.35224500702814326
1265,2025-05-29,Headphones,Accessories,South,2.0,6777.02,0.05,12876.338,9812.21,3064.1280000000006,0.2379657943120164
1207,2025-05-29,Keyboard,Accessories,North,2.0,3383.04,0.2,5412.8640000000005,3855.45,1557.4140000000007,0.2877245761208855
1067,2025-05-29,Monitor,Electronics,East,1.0,15381.37,0.05,14612.3015,10567.22,4045.0815000000002,0.2768271308937884
1079,2025-05-30,Monitor,Electronics,North,1.0,13343.52,0.15,11341.992,8092.22,3249.772,0.2865256826137772
1110,2025-05-31,Mouse,Accessories,West,7.0,1346.08,0.15,8009.1759999999995,5537.26,2471.9159999999993,0.308635495087135
1132,2025-05-31,Mouse,Accessories,West,5.0,2123.15,0.1,9554.175000000001,7588.43,1965.7450000000008,0.20574722568929296
1199,2025-05-31,Mouse,Accessories,West,4.0,585.07,0.0,2340.28,2381.45,-41.16999999999962,-0.017591912078896377
1041,2025-06-02,Monitor,Electronics,North,2.0,28773.52,0.2,46037.632000000005,31263.77,14773.862000000005,0.3209083820818587
1166,2025-06-02,Laptop,Electronics,North,8.0,58666.94,0.05,445868.744,345106.45,100762.294,0.22599093422884112
1116,2025-06-02,Mouse,Accessories,East,3.0,549.96,0.05,1567.386,1269.95,297.4359999999999,0.18976563526789184
1061,2025-06-02,Tablet,Electronics,West,3.0,32417.69,0.1,87527.76299999999,55070.87,32456.89299999999,0.370818262543737
1022,2025-06-03,Mouse,Accessories,East,3.0,1532.7,0.2,3678.4800000000005,3091.54,586.9400000000005,0.15956047062917303
1246,2025-06-04,Tablet,Electronics,West,2.0,17402.07,0.1,31323.726,21724.86,9598.865999999998,0.30644074718314157
1048,2025-06-04,Laptop,Electronics,South,2.0,84696.67,0.05,160923.67299999998,110291.22,50632.45299999998,0.3146364487964427
1118,2025-06-04,Monitor,Electronics,East,2.0,21558.77,0.15,36649.909,29183.89,7466.019,0.20371180184922152
1046,2025-06-06,Tablet,Electronics,North,5.0,19732.4,0.2,78929.6,62263.58,16666.020000000004,0.21115044292635465
1220,2025-06-06,Laptop,Electronics,East,7.0,69571.98,0.05,462653.66699999996,394505.37,68148.29699999996,0.14729872874864725
1163,2025-06-07,Headphones,Accessories,West,3.0,10796.84,0.0,32390.52,26563.02,5827.5,0.17991375254241054
1198,2025-06-08,Tablet,Electronics,West,2.0,27150.97,0.1,48871.74600000001,32316.42,16555.32600000001,0.3387504510274711
1109,2025-06-08,Laptop,Electronics,South,4.0,59738.06,0.15,203109.40399999998,155483.54,47625.86399999997,0.2344837957379855
1232,2025-06-09,Smartphone,Electronics,West,5.0,23726.87,0.05,112702.63249999999,81231.34,31471.292499999996,0.27924185799297985
1125,2025-06-09,Keyboard,Accessories,West,12.0,2535.64,0.05,28906.296,14345.72,14560.576,0.5037164221939746
1082,2025-06-09,Tablet,Electronics,North,7.0,36725.44,0.15,218516.36800000002,183704.52,34811.84800000003,0.15931002477581005
1044,2025-06-09,Monitor,Electronics,North,6.0,28509.38,0.0,171056.28,106437.33,64618.95,0.3777642656557245
1264,2025-06-10,Mouse,Accessories,East,2.0,926.27,0.2,1482.0320000000002,1016.48,465.55200000000013,0.31413086896909115
1197,2025-06-13,Mouse,Accessories,Unknown,6.0,1609.09,0.2,7723.632,5538.32,2185.312,0.28293838960737644
1267,2025-06-13,Laptop,Electronics,Unknown,5.0,81045.2,0.2,324180.80000000005,233403.96,90776.84000000005,0.280019174485349
1158,2025-06-13,Monitor,Electronics,East,6.0,23129.4,0.1,124898.76000000002,94959.83,29938.930000000022,0.2397055823452532
1185,2025-06-14,Mouse,Accessories,North,7.0,2174.83,0.2,12179.048,9344.47,2834.5780000000013,0.23274216506905968
1043,2025-06-15,Smartphone,Electronics,East,6.0,29218.24,0.15,149013.024,97068.69,51944.334,0.348589221301891
1032,2025-06-15,Tablet,Electronics,North,7.0,27333.07,0.0,191331.49,149546.13,41785.359999999986,0.21839248730044378
1228,2025-06-16,Smartphone,Electronics,East,1.0,32978.19,0.0,32978.19,27088.36,5889.830000000002,0.17859773383560473
1120,2025-06-16,Headphones,Accessories,West,1.0,9512.64,0.05,9037.008,6623.41,2413.598,0.26707932536963563
1137,2025-06-17,Laptop,Electronics,South,8.0,55613.9,0.05,422665.64,303640.83,119024.81,0.2816051240881563
1276,2025-06-17,Headphones,Accessories,West,6.0,2010.91,0.1,10858.914,8022.29,2836.6240000000007,0.2612253858903386
1149,2025-06-18,Headphones,Accessories,West,5.0,11923.27,0.1,53654.715000000004,33548.45,20106.265000000007,0.3747343546601637
1031,2025-06-18,Smartphone,Electronics,West,8.0,55952.36,0.05,425237.936,273274.14,151963.79599999997,0.35736180414533847
1058,2025-06-18,Mouse,Accessories,South,8.0,1134.28,0.05,8620.528,5805.94,2814.5880000000006,0.3264983304966935
1212,2025-06-18,Laptop,Electronics,South,6.0,58780.24,0.15,299779.224,206306.64,93472.58399999997,0.31180474334672365
1173,2025-06-18,Headphones,Accessories,East,4.0,11426.86,0.0,45707.44,36316.31,9391.130000000005,0.20546173664506268
1135,2025-06-19,Laptop,Electronics,South,6.0,84788.21,0.15,432419.871,308167.87,124252.00099999999,0.2873410990865403
1064,2025-06-19,Tablet,Electronics,North,7.0,17099.21,0.1,107725.023,82900.58,24824.443,0.23044267997046516
1145,2025-06-20,Headphones,Accessories,North,3.0,3937.98,0.1,10632.546,7764.92,2867.626,0.26970266575851165
1192,2025-06-20,Tablet,Electronics,East,7.0,18326.69,0.2,102629.46399999999,75616.55,27012.91399999999,0.2632081757729924
1087,2025-06-21,Mouse,Accessories,North,1.0,1704.8,0.05,1619.56,1053.19,566.3699999999999,0.34970609301291705
1095,2025-06-21,Tablet,Electronics,West,8.0,22315.9,0.15,151748.12,114837.5,36910.619999999995,0.2432360941275582
1040,2025-06-22,Laptop,Electronics,South,2.0,87694.25375,0.0,175388.5075,135861.83,39526.67750000002,0.2253664054926747
1248,2025-06-23,Tablet,Electronics,South,1.0,17251.23,0.15,14663.545499999998,10369.98,4293.565499999999,0.29280541326106974
1255,2025-06-24,Monitor,Electronics,East,3.0,27872.26,0.15,71074.26299999999,61077.17,9997.092999999993,0.14065700547608906
1010,2025-06-24,Tablet,Electronics,Unknown,6.0,21285.21,0.1,114940.13399999999,90623.04,24317.093999999997,0.2115631255484703
1238,2025-06-25,Laptop,Electronics,West,6.0,76840.55,0.05,437991.135,358842.67,79148.46500000003,0.18070791546956771
1268,2025-06-25,Monitor,Electronics,West,5.0,22480.05,0.1,101160.225,74444.5,26715.725000000006,0.264093174960811
1285,2025-06-26,Tablet,Electronics,North,2.0,87694.25375,0.2,140310.806,49287.18,91023.62600000002,0.6487285519548652
1026,2025-06-26,Headphones,Accessories,South,7.0,11625.81,0.2,65104.536,52165.9,12938.635999999999,0.19873632153679735
1288,2025-06-26,Smartphone,Electronics,South,1.0,38728.81,0.15,32919.4885,21606.49,11312.998499999998,0.3436565698765337
1102,2025-06-26,Laptop,Electronics,South,4.0,67621.92,0.2,216390.144,183544.41,32845.734,0.1517894179135996
1138,2025-06-27,Laptop,Electronics,West,8.0,86261.01,0.1,621079.272,435534.75,185544.522,0.2987453137866111
1065,2025-06-28,Keyboard,Accessories,East,5.0,2929.91,0.15,12452.117499999998,8695.11,3757.007499999998,0.30171635466819186
1287,2025-06-29,Smartphone,Electronics,North,7.0,24945.46,0.05,165887.30899999998,104107.05,61780.25899999998,0.37242305859576025
1177,2025-06-29,Headphones,Accessories,North,5.0,6264.01,0.2,25056.040000000005,18121.73,6934.310000000005,0.2767520326436262
